pos0,pos1
0.006588705892808022,0.006588705892808022
0.020488705891317238
0.034488705891316584
0.04828870589578749
0.0621887058942967
0.07618870589429605
0.08998870589131513
0.10388870589727617
0.11768870589429525
0.1316887058942946
0.14558870589280382
0.15938870589727472
0.17328870589578393
0.18718870589429315
0.20108870589280237
